ticker,company,sector,cluster,perfil,mean_pred_return,mean_vol_21d,mean_drawdown
A,Agilent Technologies,Health Care,2,Moderado,0.006949172292035501,0.017502794836687516,-0.09522591935667685
AAPL,Apple Inc.,Information Technology,1,Conservador,0.0017531550613767279,0.01568663064356866,-0.06206717788537501
ABBV,AbbVie,Health Care,1,Conservador,0.0013775265760529473,0.014871059268675085,-0.06100216408003084
ABNB,Airbnb,Consumer Discretionary,2,Moderado,0.010649024538656826,0.02088634154102953,-0.09816528436362845
ABT,Abbott Laboratories,Health Care,1,Conservador,2.4788803684343275e-05,0.01283632991902796,-0.06391287957901184
ACGL,Arch Capital Group,Financials,1,Conservador,0.0007387142501949323,0.014138561675730979,-0.05327158140505294
ACN,Accenture,Information Technology,2,Moderado,0.007877919538691259,0.01754673544512849,-0.11861434023323246
ADBE,Adobe Inc.,Information Technology,2,Moderado,0.013152905816924952,0.020532061491155888,-0.1421822038775147
ADI,Analog Devices,Information Technology,1,Conservador,0.005471265557856934,0.02069714160449047,-0.05984375545800488
ADM,Archer Daniels Midland,Consumer Staples,1,Conservador,0.00647270753630462,0.017667820787493804,-0.08011503710155857
ADP,Automatic Data Processing,Industrials,1,Conservador,-0.0012528523294475387,0.011590229614110633,-0.06216870071846942
ADSK,Autodesk,Information Technology,1,Conservador,0.0054560001284099015,0.01764309282720139,-0.08111827392049395
AEE,Ameren,Utilities,1,Conservador,-0.00391562847796964,0.010772147302795475,-0.034729948035891425
AEP,American Electric Power,Utilities,1,Conservador,-0.003962225923559871,0.01159253887221745,-0.03375311590347962
AES,AES Corporation,Utilities,2,Moderado,0.017989134730602353,0.025467917213540612,-0.13431365502450243
AFL,Aflac,Financials,1,Conservador,-0.002572727673556057,0.01215660139563809,-0.03759292620809836
AIG,American International Group,Financials,1,Conservador,0.00012484596196548074,0.013937994441804285,-0.053610584598733614
AIZ,Assurant,Financials,1,Conservador,0.00044679747304042196,0.013960511348130407,-0.047796636229147156
AJG,Arthur J. Gallagher & Co.,Financials,1,Conservador,0.002523838159348242,0.014081044988766762,-0.07635373846847165
AKAM,Akamai Technologies,Information Technology,2,Moderado,0.010080327706618741,0.02263531331219183,-0.09755941006861787
ALB,Albemarle Corporation,Materials,0,Arrojado,0.02968649663853671,0.03690244551898296,-0.15499314930508648
ALGN,Align Technology,Health Care,0,Arrojado,0.021081278287772908,0.025311063169209797,-0.1374167552045822
ALL,Allstate,Financials,1,Conservador,-0.00031996851026265777,0.014494070922273762,-0.03877565599870265
ALLE,Allegion,Industrials,1,Conservador,0.0010126534564668234,0.014378438233757642,-0.06708732193468585
AMAT,Applied Materials,Information Technology,2,Moderado,0.01210311016421121,0.027551925580673736,-0.09476459709725507
AMCR,Amcor,Materials,1,Conservador,0.002484718477074125,0.015388351123051296,-0.0737400658072452
AMD,Advanced Micro Devices,Information Technology,0,Arrojado,0.023363087307471022,0.03333861680452978,-0.14354863860051942
AME,Ametek,Industrials,1,Conservador,-0.00171004510006801,0.013295465854340922,-0.04273438283315412
AMGN,Amgen,Health Care,1,Conservador,0.003247137057528871,0.01625987358185854,-0.07107002092881666
AMP,Ameriprise Financial,Financials,1,Conservador,0.0016773004715884133,0.015061709275506473,-0.05983204278932292
AMT,American Tower,Real Estate,1,Conservador,0.0038161028753155046,0.01537108562768761,-0.08327170963475536
AMZN,Amazon,Consumer Discretionary,1,Conservador,0.004507584141657173,0.018732281737980073,-0.06550692489495234
ANET,Arista Networks,Information Technology,2,Moderado,0.016163744051946743,0.030549335789624814,-0.09718577774809083
AON,Aon plc,Financials,1,Conservador,0.000396615128881021,0.013417783617754668,-0.06226066998843673
AOS,A. O. Smith,Industrials,1,Conservador,0.003196896797221427,0.015066618364749863,-0.08388942843631256
APA,APA Corporation,Energy,2,Moderado,0.018320287178174906,0.02706589776388158,-0.12571521962112236
APD,Air Products,Materials,1,Conservador,0.0035492190380098506,0.015755480382523026,-0.07237466887410707
APH,Amphenol,Information Technology,1,Conservador,0.0042981569749271,0.02043399311570762,-0.05656742763692025
APO,Apollo Global Management,Financials,2,Moderado,0.01119921626870277,0.022137286727266427,-0.08959915793301045
APP,AppLovin,Information Technology,0,Arrojado,0.03498778972577897,0.04303163767344249,-0.1338568917184387
APTV,Aptiv,Consumer Discretionary,2,Moderado,0.01405632797263975,0.02260406564655924,-0.11703154951350575
ARE,Alexandria Real Estate Equities,Real Estate,2,Moderado,0.014187784189071722,0.020533504202743046,-0.14030445099586353
ARES,Ares Management,Financials,2,Moderado,0.01216164416542991,0.022008634887216164,-0.10008681970721776
ATO,Atmos Energy,Utilities,1,Conservador,-0.005813196451855896,0.009949252834585717,-0.027600042302121108
AVB,AvalonBay Communities,Real Estate,1,Conservador,-0.0004150502007400064,0.012572347103101825,-0.050321631180819636
AVGO,Broadcom,Information Technology,2,Moderado,0.01577700939474531,0.030654460701881738,-0.08761781043803638
AVY,Avery Dennison,Materials,1,Conservador,0.0005462628646468426,0.013142179450904217,-0.06297166483294596
AWK,American Water Works,Utilities,1,Conservador,0.0009613841381563543,0.0137686692461524,-0.059325372131420466
AXON,Axon Enterprise,Industrials,0,Arrojado,0.018994590202772173,0.028864423402962604,-0.1244813826019005
AXP,American Express,Financials,1,Conservador,0.0014245096559633871,0.01670998867821335,-0.05381486763104975
AZO,AutoZone,Consumer Discretionary,1,Conservador,0.0003479936618475589,0.014149891648804416,-0.055020357195428284
BA,Boeing,Industrials,2,Moderado,0.011112763257960859,0.021024802716861996,-0.10552547147189158
BAC,Bank of America,Financials,1,Conservador,0.0005699439817059072,0.0147627058185759,-0.05040555430065772
BALL,Ball Corporation,Materials,1,Conservador,0.003182547620930943,0.015393480726020087,-0.07701610941266729
BAX,Baxter International,Health Care,2,Moderado,0.014774197250366649,0.02174651605553724,-0.1392497877655144
BBY,Best Buy,Consumer Discretionary,2,Moderado,0.011988256094499418,0.022188954320781384,-0.09715223327584825
BDX,Becton Dickinson,Health Care,1,Conservador,0.0031086996018061352,0.014346658003676425,-0.07573969610461946
BEN,Franklin Resources,Financials,2,Moderado,0.006418401065819631,0.01829777937077775,-0.08344821504885401
BF-B,Brown–Forman,Consumer Staples,2,Moderado,0.013021433151291171,0.020656153505099622,-0.13166016470704464
BG,Bunge Global,Consumer Staples,1,Conservador,0.0057903500591141325,0.01732682007464563,-0.08114574720855376
BIIB,Biogen,Health Care,2,Moderado,0.0094378967900093,0.01851890516413954,-0.10874526057843384
BKNG,Booking Holdings,Consumer Discretionary,1,Conservador,0.004614589589163594,0.017548771122252112,-0.07157215270236962
BKR,Baker Hughes,Energy,1,Conservador,0.005474714394930366,0.019098289657572178,-0.07016841010156528
BLDR,Builders FirstSource,Industrials,0,Arrojado,0.02252312776334489,0.027820714309368222,-0.16214711325926323
BLK,BlackRock,Financials,1,Conservador,0.00042264800072149786,0.014554025265912825,-0.054710814753156645
BMY,Bristol Myers Squibb,Health Care,1,Conservador,0.004494676874195394,0.017019876796646547,-0.07766626604141388
BNY,BNY Mellon,Financials,1,Conservador,-0.003929400397727209,0.01269236618873863,-0.02413359539648138
BR,Broadridge Financial Solutions,Industrials,1,Conservador,0.0007783213657745472,0.012984639065718683,-0.06560193374702115
BRK-B,Berkshire Hathaway,Financials,1,Conservador,-0.005434071920497234,0.009910815931233496,-0.036892761602479
BRO,Brown & Brown,Financials,1,Conservador,0.002008307082319846,0.013902716597376201,-0.08092429761811985
BSX,Boston Scientific,Health Care,1,Conservador,0.0011117853955741666,0.014280560113759671,-0.06532094529923424
BX,Blackstone Inc.,Financials,2,Moderado,0.010752912901420067,0.020913982096080207,-0.10755981065019858
BXP,"BXP, Inc.",Real Estate,2,Moderado,0.009928098217580646,0.01920199537139168,-0.09209381982419708
C,Citigroup,Financials,1,Conservador,0.0019720876100765053,0.01779675115418163,-0.049781522415832086
CAG,Conagra Brands,Consumer Staples,2,Moderado,0.00568922699868072,0.01553403937108725,-0.09952301583824578
CAH,Cardinal Health,Health Care,1,Conservador,0.00021325612499894798,0.014855991270530148,-0.047309456263611056
CARR,Carrier Global,Industrials,2,Moderado,0.00710256656832532,0.019640406699378627,-0.09099572476515438
CASY,Casey's,Consumer Staples,1,Conservador,0.0003633769870470954,0.016468042211058728,-0.02649223918915745
CAT,Caterpillar Inc.,Industrials,1,Conservador,0.0017214430267699955,0.018362268965598342,-0.05697222867693322
CB,Chubb Limited,Financials,1,Conservador,-0.0038394351351801626,0.011414979415708735,-0.03751193071522767
CBOE,Cboe Global Markets,Financials,1,Conservador,-0.0008173017936824105,0.013700673688868894,-0.03883549899913067
CBRE,CBRE Group,Real Estate,1,Conservador,0.004568120092142366,0.017922577457138808,-0.06427283316555797
CCI,Crown Castle,Real Estate,1,Conservador,0.004337288312351277,0.015438632397055991,-0.08474015041943243
CCL,Carnival Corporation,Consumer Discretionary,2,Moderado,0.01723286607582433,0.02828342089665213,-0.11654468869603446
CDNS,Cadence Design Systems,Information Technology,2,Moderado,0.010482804914378665,0.02280080396422641,-0.09055450979610356
CDW,CDW Corporation,Information Technology,2,Moderado,0.008904250340936627,0.018328319235247876,-0.11367696324583838
CEG,Constellation Energy,Utilities,0,Arrojado,0.023457445973298314,0.03288656381865005,-0.1189078381546935
CF,CF Industries,Materials,2,Moderado,0.007203567861642449,0.02050786616607512,-0.08517382873263492
CFG,Citizens Financial Group,Financials,1,Conservador,0.004690492869152912,0.018627614239847275,-0.055042575441477164
CHD,Church & Dwight,Consumer Staples,1,Conservador,-0.000872639550915475,0.012157954020333112,-0.05806169180219464
CHRW,C.H. Robinson,Industrials,1,Conservador,0.006206106730970308,0.020322888300375066,-0.06478467218906366
CHTR,Charter Communications,Communication Services,0,Arrojado,0.018699538843274667,0.024180366274729793,-0.1596771812420881
CI,Cigna,Health Care,1,Conservador,0.006241922329600941,0.016874865374041818,-0.07386629745762137
CIEN,Ciena,Information Technology,2,Moderado,0.015411340689343083,0.0323334412471513,-0.08347812160812829
CINF,Cincinnati Financial,Financials,1,Conservador,-0.0014638262453574365,0.013765532396929953,-0.03770665509975948
CL,Colgate-Palmolive,Consumer Staples,1,Conservador,-0.002370738572173421,0.01179793919493189,-0.05982794037092809
CLX,Clorox,Consumer Staples,1,Conservador,0.00240858086802097,0.014003072029650652,-0.08772527748533901
CMCSA,Comcast,Communication Services,1,Conservador,0.004765475937562172,0.01589403718407286,-0.08724351115663855
CME,CME Group,Financials,1,Conservador,-0.003548186240436099,0.01130941977664907,-0.037855225801885696
CMG,Chipotle Mexican Grill,Consumer Discretionary,2,Moderado,0.010900631011670252,0.020152848756176744,-0.11990061989385292
CMI,Cummins,Industrials,1,Conservador,0.0009072860091291616,0.017633860588412792,-0.046901715311930964
CMS,CMS Energy,Utilities,1,Conservador,-0.004566295897370961,0.010396398809115965,-0.03270996192618695
CNC,Centene Corporation,Health Care,2,Moderado,0.0171616299738121,0.024807068417730407,-0.12763313933367787
CNP,CenterPoint Energy,Utilities,1,Conservador,-0.003443945950380672,0.011270422518488065,-0.035481146953640595
COF,Capital One,Financials,1,Conservador,0.006623120442056472,0.01997941604901211,-0.06972030883202886
COHR,Coherent Corp.,Information Technology,0,Arrojado,0.027247400190979765,0.04005764223818359,-0.10363530104676977
COIN,Coinbase,Financials,0,Arrojado,0.04723535794112227,0.04714234638907164,-0.2128205224411802
COO,Cooper Companies (The),Health Care,2,Moderado,0.007552561355891629,0.017735996576460356,-0.09318081441395859
COP,ConocoPhillips,Energy,1,Conservador,0.004557644583548483,0.017235819033029478,-0.07749931858038313
COR,Cencora,Health Care,1,Conservador,-0.001491658411948659,0.013161776897838597,-0.04793264282926606
COST,Costco,Consumer Staples,1,Conservador,-0.002697520535389903,0.012264060680537455,-0.04597682059242429
CPAY,Corpay,Financials,2,Moderado,0.007643491648222358,0.019623067913375276,-0.0789450296983025
CPB,Campbell's Company (The),Consumer Staples,2,Moderado,0.00666323146764597,0.016071658586982094,-0.10256428444642979
CPRT,Copart,Industrials,1,Conservador,0.004377460552189567,0.014327804539822032,-0.10047593702697145
CPT,Camden Property Trust,Real Estate,1,Conservador,-2.7795495392934727e-05,0.013208176935549367,-0.05039295972349681
CRH,CRH plc,Materials,1,Conservador,0.0035444493918902345,0.018564155639210465,-0.0621608971645602
CRL,Charles River Laboratories,Health Care,0,Arrojado,0.019937541195045563,0.026218063376830796,-0.14450635832134956
CRM,Salesforce,Information Technology,2,Moderado,0.011289707625887765,0.020987826532350495,-0.11488117326830677
CRWD,CrowdStrike,Information Technology,2,Moderado,0.017780818150956286,0.028193662959592355,-0.10784945060127275
CSCO,Cisco,Information Technology,1,Conservador,-0.0021794109045627547,0.013432930045299987,-0.04014889115187977
CSGP,CoStar Group,Real Estate,2,Moderado,0.013935256600658422,0.020474938987984397,-0.12913305158551056
CSX,CSX Corporation,Industrials,1,Conservador,-0.0005691673732619221,0.013566391481106808,-0.05593871386447604
CTAS,Cintas,Industrials,1,Conservador,-0.000876468927378057,0.012856961692213394,-0.053348025321471856
CTSH,Cognizant,Information Technology,1,Conservador,0.00398598134141917,0.015292793090780164,-0.09051460816201382
CTVA,Corteva,Materials,1,Conservador,0.0014522060843670957,0.015689950569402755,-0.05078582657737224
CVNA,Carvana,Consumer Discretionary,0,Arrojado,0.03540595643217144,0.04159632167066112,-0.11640730722607848
CVS,CVS Health,Health Care,2,Moderado,0.008527379107813942,0.020288297406478358,-0.0893443454051848
CVX,Chevron Corporation,Energy,1,Conservador,-0.000984251053220406,0.013461944509930792,-0.05504524526215452
D,Dominion Energy,Utilities,1,Conservador,-0.0004611130778512879,0.013458784976313906,-0.037740525053262565
DAL,Delta Air Lines,Industrials,2,Moderado,0.012557621745928303,0.024883477464752717,-0.08851001342218408
DASH,DoorDash,Consumer Discretionary,2,Moderado,0.014091487356885828,0.02398285956594328,-0.1006006207980649
DD,DuPont,Materials,1,Conservador,0.003310465701117869,0.01768419454760044,-0.06387694412947387
DDOG,Datadog,Information Technology,0,Arrojado,0.020087108610224384,0.027951074337626527,-0.13756588237846273
DE,Deere & Company,Industrials,1,Conservador,0.002237058074066718,0.016563397227641045,-0.05892923277367271
DECK,Deckers Brands,Consumer Discretionary,0,Arrojado,0.018861173244822962,0.02781494068060257,-0.13538563334308876
DELL,Dell Technologies,Information Technology,0,Arrojado,0.021228940673954654,0.03320918293533062,-0.13163449715137188
DG,Dollar General,Consumer Staples,2,Moderado,0.014108765478175474,0.02268988929753623,-0.11574607257168197
DGX,Quest Diagnostics,Health Care,1,Conservador,-0.0008693566365430668,0.013520385514185109,-0.03963672259230985
DHI,D. R. Horton,Consumer Discretionary,2,Moderado,0.010276458912809322,0.021758390382522055,-0.10467876114642372
DHR,Danaher Corporation,Health Care,1,Conservador,0.005367485276228385,0.01663634542732336,-0.08137701766386639
DIS,Walt Disney Company (The),Communication Services,1,Conservador,0.003090530421362757,0.015765576970796565,-0.07867592954498781
DLR,Digital Realty,Real Estate,1,Conservador,0.0026073050628864637,0.015870544285506723,-0.0589190440560471
DLTR,Dollar Tree,Consumer Staples,2,Moderado,0.01675110712194424,0.02391318449477678,-0.1326835251410172
DOC,Healthpeak Properties,Real Estate,1,Conservador,0.0034221064484780766,0.015044146763116094,-0.06917724931903996
DOV,Dover Corporation,Industrials,1,Conservador,-0.00015194382655880987,0.014681371067747091,-0.048996648134719274
DOW,Dow Inc.,Materials,2,Moderado,0.011714770442918946,0.022348475572506455,-0.11473214427732478
DPZ,Domino's,Consumer Discretionary,1,Conservador,0.005562523264896634,0.01684014528638989,-0.07801373402966714
DRI,Darden Restaurants,Consumer Discretionary,1,Conservador,0.001962439840377198,0.015934531222559136,-0.061269672761105995
DTE,DTE Energy,Utilities,1,Conservador,-0.004071773317520652,0.01094932411742306,-0.032062203175259
DUK,Duke Energy,Utilities,1,Conservador,-0.005031384604864811,0.01015436114671819,-0.033873450786957277
DVA,DaVita,Health Care,2,Moderado,0.007470182115020427,0.01950247342686301,-0.07417751248128614
DVN,Devon Energy,Energy,2,Moderado,0.008867460959493942,0.01983465018630324,-0.09250417388877567
DXCM,Dexcom,Health Care,0,Arrojado,0.021168245605797595,0.025643928246569355,-0.13316532357928224
EA,Electronic Arts,Communication Services,1,Conservador,-0.0009945129866052158,0.01318176378763537,-0.046491009433020224
EBAY,eBay Inc.,Consumer Discretionary,1,Conservador,0.004220761725508746,0.01885406695163918,-0.04856743394203293
ECL,Ecolab,Materials,1,Conservador,-0.002871496346184326,0.011955268306979645,-0.04121729040110235
ED,Consolidated Edison,Utilities,1,Conservador,-0.0031512079389356138,0.011115714987321177,-0.04673548349629912
EFX,Equifax,Industrials,2,Moderado,0.010082207336876673,0.02052332994559892,-0.09874474710179552
EG,Everest Group,Financials,1,Conservador,0.003092889772997635,0.014919919431586883,-0.06238217923013359
EIX,Edison International,Utilities,1,Conservador,0.003970541884579551,0.015695539292590245,-0.0725357069127821
EL,Estée Lauder Companies (The),Consumer Staples,0,Arrojado,0.022258002538196636,0.028207143514499308,-0.15438780139569552
ELV,Elevance Health,Health Care,2,Moderado,0.008732098244337282,0.018249442401056606,-0.10395656205611094
EME,Emcor,Industrials,2,Moderado,0.0076752766302871245,0.02247621242164183,-0.07153793814366836
EMR,Emerson Electric,Industrials,1,Conservador,0.003042196345343599,0.01736307218360208,-0.06846820115954155
EOG,EOG Resources,Energy,1,Conservador,0.0030421200964228516,0.01577299607260218,-0.07200382270086836
EQIX,Equinix,Real Estate,1,Conservador,0.002786562565667881,0.01521824929824078,-0.06459922075617698
EQR,Equity Residential,Real Estate,1,Conservador,-0.0003949282992370345,0.012973690424307523,-0.046556704139282326
EQT,EQT Corporation,Energy,2,Moderado,0.010486230156868963,0.021259313353648713,-0.08064974779890063
ERIE,Erie Indemnity,Financials,2,Moderado,0.008921224114606817,0.018267675573516735,-0.10908912757470839
ES,Eversource Energy,Utilities,1,Conservador,0.0020800190851016885,0.015081051348628029,-0.05432862949605489
ESS,Essex Property Trust,Real Estate,1,Conservador,0.0008555812132838131,0.013816286424051768,-0.05040839866964325
ETN,Eaton Corporation,Industrials,1,Conservador,0.005920589039841347,0.019654128706031747,-0.0710621457838739
ETR,Entergy,Utilities,1,Conservador,-0.0031874034331422895,0.013144026636443937,-0.027196729356694944
EVRG,Evergy,Utilities,1,Conservador,-0.005434455893162542,0.010151737313235121,-0.026311251368874803
EW,Edwards Lifesciences,Health Care,1,Conservador,0.006797308163183116,0.01765174357031982,-0.06853772755632694
EXC,Exelon,Utilities,1,Conservador,-0.0019134647323994294,0.011693428758480116,-0.048950686540899166
EXE,Expand Energy,Energy,1,Conservador,0.006123160032652961,0.017685769893786008,-0.0778338636455009
EXPD,Expeditors International,Industrials,1,Conservador,0.0023036508989878325,0.015434762812179573,-0.05956029399802087
EXPE,Expedia Group,Consumer Discretionary,2,Moderado,0.014571976232790492,0.025773871252105847,-0.09413040155664058
EXR,Extra Space Storage,Real Estate,1,Conservador,0.004128352536736396,0.0157811235414313,-0.07450863331194996
F,Ford Motor Company,Consumer Discretionary,2,Moderado,0.00846715790995904,0.020537888001447163,-0.08425183999253287
FANG,Diamondback Energy,Energy,2,Moderado,0.007731330456067221,0.019579531017504405,-0.07713850040324707
FAST,Fastenal,Industrials,1,Conservador,0.00031096036807302984,0.014883429260254188,-0.064154341993493
FCX,Freeport-McMoRan,Materials,2,Moderado,0.013140699621845824,0.026008989235801756,-0.10126056584575764
FDS,FactSet,Financials,2,Moderado,0.008492976655701074,0.016928896188497675,-0.11645394910274307
FDX,FedEx,Industrials,1,Conservador,0.004865672591464169,0.018230168581765054,-0.08005531051868668
FE,FirstEnergy,Utilities,1,Conservador,-0.0044665837109234986,0.01046721689656178,-0.036227394873828284
FFIV,"F5, Inc.",Information Technology,1,Conservador,0.0037439501485115097,0.01751509935331954,-0.06772328164267229
FICO,Fair Isaac,Information Technology,2,Moderado,0.016067396736932436,0.025235995757038658,-0.1291430365632372
FIS,Fidelity National Information Services,Financials,1,Conservador,0.005182814118587162,0.015957066026868954,-0.08488212301728672
FISV,Fiserv,Financials,2,Moderado,0.006805085930351586,0.018009941058291498,-0.1041485701279694
FITB,Fifth Third Bancorp,Financials,1,Conservador,0.003095851873937155,0.01640577150314296,-0.05921132571936707
FIX,Comfort Systems USA,Industrials,2,Moderado,0.015882408661350447,0.03153507086590048,-0.0689955968701326
FOX,Fox Corporation (Class B),Communication Services,1,Conservador,0.0009185225007938347,0.01504625771700029,-0.05095301433042942
FOXA,Fox Corporation (Class A),Communication Services,1,Conservador,0.0010917166807168166,0.015388004269188769,-0.04993586319566632
FRT,Federal Realty Investment Trust,Real Estate,1,Conservador,-0.001878648810084502,0.012304615390834193,-0.04213003462195902
FSLR,First Solar,Information Technology,0,Arrojado,0.029419765906975457,0.03448742247120612,-0.1568265486180987
FTNT,Fortinet,Information Technology,2,Moderado,0.010949848456226966,0.02270016739653166,-0.08413503167720454
FTV,Fortive,Industrials,1,Conservador,0.0020113834904324154,0.01494904091246146,-0.06646503728685364
GD,General Dynamics,Industrials,1,Conservador,-0.0029171272600903926,0.012290426273174561,-0.03749400491838248
GDDY,GoDaddy,Information Technology,2,Moderado,0.008270077837010177,0.018118036524537112,-0.10562133329780926
GE,GE Aerospace,Industrials,1,Conservador,0.002483302956338974,0.01892798770538964,-0.044107462042692835
GEHC,GE HealthCare,Health Care,2,Moderado,0.007825838263467692,0.019041731839927478,-0.09002853568467364
GEN,Gen Digital,Information Technology,2,Moderado,0.006200202816987845,0.01755666337367963,-0.08536165882721822
GEV,GE Vernova,Industrials,2,Moderado,0.01701877861087004,0.031971655534680475,-0.06801084155063486
GILD,Gilead Sciences,Health Care,1,Conservador,0.0018913197632943462,0.01594485866285349,-0.061432870282361746
GIS,General Mills,Consumer Staples,1,Conservador,0.0031672995024897618,0.013569177260074134,-0.08921978035642569
GL,Globe Life,Financials,1,Conservador,0.008017460923136249,0.016492859671933466,-0.06850693571888444
GLW,Corning Inc.,Information Technology,1,Conservador,0.0028192620550913407,0.022027800984739273,-0.04948678530550909
GM,General Motors,Consumer Discretionary,1,Conservador,0.005917724417949208,0.020762270150268426,-0.0606899443665963
GNRC,Generac,Industrials,2,Moderado,0.016165151966554183,0.02610838468155644,-0.11384395966706869
GOOG,Alphabet Inc. (Class C),Communication Services,1,Conservador,0.0021127041086126215,0.017822876161914643,-0.06232267490839195
GOOGL,Alphabet Inc. (Class A),Communication Services,1,Conservador,0.0023361950843765926,0.01808069454316305,-0.062383968015500786
GPC,Genuine Parts Company,Consumer Discretionary,2,Moderado,0.005692860328728788,0.016767981044537614,-0.08984564612925879
GPN,Global Payments,Financials,2,Moderado,0.01270211547283674,0.02133035971468556,-0.11532808423326651
GRMN,Garmin,Consumer Discretionary,1,Conservador,0.00371219814324663,0.01892398896375073,-0.06560675250321858
GS,Goldman Sachs,Financials,1,Conservador,0.0015134447296386664,0.0172075974549522,-0.04307923845919562
GWW,W. W. Grainger,Industrials,1,Conservador,6.125149566625605e-05,0.013995361476494762,-0.059220900527981526
HAL,Halliburton,Energy,2,Moderado,0.011245200119775114,0.021231905655138234,-0.10300284969970586
HAS,Hasbro,Consumer Discretionary,1,Conservador,0.005056845580597069,0.01884149527343599,-0.06596852185863664
HBAN,Huntington Bancshares,Financials,1,Conservador,0.004258883280742228,0.017164134013960886,-0.06508891697023793
HCA,HCA Healthcare,Health Care,1,Conservador,0.00268168995081623,0.01613188493082264,-0.05726321561596365
HD,Home Depot (The),Consumer Discretionary,1,Conservador,0.0007386701512999217,0.013722907833158493,-0.07110102112058285
HIG,Hartford (The),Financials,1,Conservador,-0.0036712126913768387,0.012317163743292066,-0.03332213963926226
HII,Huntington Ingalls Industries,Industrials,2,Moderado,0.007666553713700334,0.02014611979569753,-0.07968152857134812
HLT,Hilton Worldwide,Consumer Discretionary,1,Conservador,-0.0016540653827524583,0.013828050502210323,-0.04227315712054301
HON,Honeywell,Industrials,1,Conservador,-0.0014644866177354555,0.012953822964910466,-0.055258145671782534
HOOD,Robinhood Markets,Financials,0,Arrojado,0.03137087215383594,0.04144652617580072,-0.13488961568614055
HPE,Hewlett Packard Enterprise,Information Technology,2,Moderado,0.012485694461839676,0.02487199736662397,-0.09684621989105631
HPQ,HP Inc.,Information Technology,2,Moderado,0.010912122810307703,0.02042904071794759,-0.11309523653387688
HRL,Hormel Foods,Consumer Staples,1,Conservador,0.004296219862672549,0.015294884716324104,-0.08537669788754942
HSIC,Henry Schein,Health Care,1,Conservador,0.005464716146078937,0.016484250969349468,-0.07088137874211287
HST,Host Hotels & Resorts,Real Estate,1,Conservador,0.0035922362884730206,0.01590857726124775,-0.06194114092296739
HSY,Hershey Company (The),Consumer Staples,1,Conservador,0.004081030653866393,0.01584535964967677,-0.07500397942252664
HUBB,Hubbell Incorporated,Industrials,1,Conservador,0.005259930490193173,0.01890197919063449,-0.06254792779060164
HUM,Humana,Health Care,0,Arrojado,0.021038775675167314,0.026215156841504446,-0.1697969792388701
HWM,Howmet Aerospace,Industrials,1,Conservador,0.0021559645011585463,0.020073030887416084,-0.03561503058472679
IBKR,Interactive Brokers,Financials,1,Conservador,0.0062775753346768805,0.02192193218206988,-0.06073297249038927
IBM,IBM,Information Technology,1,Conservador,0.00288392984963929,0.01730605039668104,-0.07088268296077364
ICE,Intercontinental Exchange,Financials,1,Conservador,-0.002968606156530093,0.011587955019638321,-0.04608284308574608
IDXX,Idexx Laboratories,Health Care,2,Moderado,0.009298441716770866,0.019851226973575452,-0.09009149368997134
IEX,IDEX Corporation,Industrials,1,Conservador,0.0023755615454404584,0.014890396971257871,-0.07725031081255736
IFF,International Flavors & Fragrances,Materials,1,Conservador,0.004677384612078967,0.016776221305780843,-0.07698497993247456
INCY,Incyte,Health Care,2,Moderado,0.008105288796336024,0.019634494630684212,-0.08278928951263108
INTC,Intel,Information Technology,0,Arrojado,0.026715515349491615,0.03624937600311695,-0.16422565121334848
INTU,Intuit,Information Technology,2,Moderado,0.008797389978773577,0.019615001674379892,-0.10407891441449706
INVH,Invitation Homes,Real Estate,1,Conservador,0.0006259897852756703,0.012873662931501235,-0.059528497313643916
IP,International Paper,Materials,2,Moderado,0.010783665773991324,0.021617135734994006,-0.10564783223722661
IQV,IQVIA,Health Care,2,Moderado,0.012529576334463846,0.02087932746970708,-0.11620248763441209
IR,Ingersoll Rand,Industrials,1,Conservador,0.005697156839566405,0.018382095618161672,-0.07674706439219198
IRM,Iron Mountain,Real Estate,1,Conservador,0.005088801545381278,0.018509002315118726,-0.0779004063928391
ISRG,Intuitive Surgical,Health Care,1,Conservador,0.005138025470526267,0.018125856752325954,-0.07142162542693976
IT,Gartner,Information Technology,2,Moderado,0.01419230281863108,0.01999707791250681,-0.14311933299544843
ITW,Illinois Tool Works,Industrials,1,Conservador,-0.002131037269697609,0.011919293218785878,-0.05351333222123894
IVZ,Invesco,Financials,2,Moderado,0.00864253342956642,0.021305901866055,-0.0777502931712809
J,Jacobs Solutions,Industrials,1,Conservador,0.0025152535847940407,0.015036486690870236,-0.07076571533215995
JBHT,J.B. Hunt,Industrials,2,Moderado,0.00822938536801261,0.019982197659376748,-0.0897426589719125
JBL,Jabil,Information Technology,2,Moderado,0.010876017568689098,0.024231328402900147,-0.08599667880210948
JCI,Johnson Controls,Industrials,1,Conservador,0.0005856458312505538,0.0169346307746535,-0.03988350714996031
JKHY,Jack Henry & Associates,Financials,1,Conservador,0.0007262098737186365,0.013077081167634485,-0.0627073149837643
JNJ,Johnson & Johnson,Health Care,1,Conservador,-0.0050604084521237444,0.010356178596457287,-0.03978486809215832
JPM,JPMorgan Chase,Financials,1,Conservador,-0.001375093681807057,0.014194332362550226,-0.04092308365834374
KDP,Keurig Dr Pepper,Consumer Staples,1,Conservador,0.0010479896948213544,0.013326122967479568,-0.07428259543901197
KEY,KeyCorp,Financials,1,Conservador,0.006385896389751008,0.01867957675841789,-0.06258005963226569
KEYS,Keysight Technologies,Information Technology,1,Conservador,0.004853626649799478,0.02045170359160299,-0.06155838838859874
KHC,Kraft Heinz,Consumer Staples,1,Conservador,0.002656604210392739,0.014332854874404912,-0.08021557840817763
KIM,Kimco Realty,Real Estate,1,Conservador,0.00024341950842350697,0.013180309281949848,-0.057609698338562734
KKR,KKR & Co.,Financials,2,Moderado,0.013066374450276112,0.02339233290280249,-0.10685670703670755
KLAC,KLA Corporation,Information Technology,2,Moderado,0.011387109697507091,0.027273571848973215,-0.07511039645105318
KMB,Kimberly-Clark,Consumer Staples,1,Conservador,-0.00032104136098933184,0.012669357827951408,-0.06940488614867978
KMI,Kinder Morgan,Energy,1,Conservador,-0.0022354270406789154,0.012969842406544396,-0.03862891210635206
KO,Coca-Cola Company (The),Consumer Staples,1,Conservador,-0.0059754603666472336,0.009557047367970839,-0.034880640218325924
KR,Kroger,Consumer Staples,1,Conservador,8.20631128864023e-05,0.01510909307623115,-0.04729026340148662
KVUE,Kenvue,Consumer Staples,2,Moderado,0.006620681699888204,0.016815340605433625,-0.08508017064192498
L,Loews Corporation,Financials,1,Conservador,-0.005047216532031095,0.010665363672446264,-0.023909333372742776
LDOS,Leidos,Industrials,1,Conservador,0.00374372533821691,0.015884724091031987,-0.07604921501041001
LEN,Lennar,Consumer Discretionary,2,Moderado,0.011840267497503219,0.02122045800571332,-0.11979384630377805
LH,Labcorp,Health Care,1,Conservador,0.0009754722959462876,0.013983358610963552,-0.05421887498404581
LHX,L3Harris,Industrials,1,Conservador,-0.001256888692284649,0.013277896703785088,-0.048971040800368994
LII,Lennox International,Industrials,2,Moderado,0.008457548552744986,0.020196047599338084,-0.07753337645132467
LIN,Linde plc,Materials,1,Conservador,-0.004099683503054013,0.010314203330173188,-0.042548475286132544
LITE,Lumentum,Information Technology,0,Arrojado,0.0264790660668098,0.04105717925204118,-0.09958046063272308
LLY,Lilly (Eli),Health Care,2,Moderado,0.008742243736123258,0.021296000214086425,-0.08073838369254407
LMT,Lockheed Martin,Industrials,1,Conservador,-3.3268128178756536e-05,0.01361326987020115,-0.06457549385645472
LNT,Alliant Energy,Utilities,1,Conservador,-0.0043268469181936674,0.0108394874978204,-0.03462657518737578
LOW,Lowe's,Consumer Discretionary,1,Conservador,0.0017831561147739789,0.014815890926352894,-0.07559931918027071
LRCX,Lam Research,Information Technology,2,Moderado,0.01326618729854323,0.029201106716878724,-0.08653193047843846
LULU,Lululemon Athletica,Consumer Discretionary,0,Arrojado,0.022008887111128403,0.026070086301445236,-0.19173696304660773
LUV,Southwest Airlines,Industrials,2,Moderado,0.01389473631545829,0.02483464633817775,-0.10016595102067313
LVS,Las Vegas Sands,Consumer Discretionary,2,Moderado,0.009526304096676489,0.020932597439922436,-0.1046598420364411
LYB,LyondellBasell,Materials,2,Moderado,0.009217127055411929,0.020442743866991908,-0.10680679642923059
LYV,Live Nation Entertainment,Communication Services,1,Conservador,0.005014579009425473,0.01815471573139512,-0.0685403050228664
MA,Mastercard,Financials,1,Conservador,-0.0023851046736517957,0.012153551849911414,-0.04396034499072961
MAA,Mid-America Apartment Communities,Real Estate,1,Conservador,-0.00035554593544089816,0.012584465177686056,-0.05552975406655398
MAR,Marriott International,Consumer Discretionary,1,Conservador,0.0006737527342606199,0.01567085592153224,-0.056988438575415294
MAS,Masco,Industrials,1,Conservador,0.005152039246575791,0.017739439942305493,-0.08534347746337666
MCD,McDonald's,Consumer Discretionary,1,Conservador,-0.003323146716051557,0.01096297122811243,-0.04818666030745402
MCHP,Microchip Technology,Information Technology,2,Moderado,0.019106964813789123,0.02719744145220627,-0.12279468280120341
MCK,McKesson Corporation,Health Care,1,Conservador,0.000946242958333965,0.015131249239161605,-0.053271089110394305
MCO,Moody's Corporation,Financials,1,Conservador,0.0010868946342125299,0.014854851825196837,-0.056255894256745875
MDLZ,Mondelez International,Consumer Staples,1,Conservador,9.784037440221038e-05,0.01267791564775656,-0.07146995078328376
MDT,Medtronic,Health Care,1,Conservador,-0.001465831023114241,0.012142295181972202,-0.05520941870524777
MET,MetLife,Financials,1,Conservador,0.0011061239453975847,0.01482869020062691,-0.04608730008878418
META,Meta Platforms,Communication Services,2,Moderado,0.008094862471234098,0.02185782775953091,-0.08031462783802186
MGM,MGM Resorts,Consumer Discretionary,2,Moderado,0.013900943658973201,0.02303225340452008,-0.11075117477422448
MKC,McCormick & Company,Consumer Staples,1,Conservador,0.003560757474518748,0.015142211628239262,-0.07717182732126139
MLM,Martin Marietta Materials,Materials,1,Conservador,0.002325332145631584,0.014717583768574918,-0.06818017649628713
MMM,3M,Industrials,1,Conservador,0.003457206220483092,0.01773696033122997,-0.05305691315404969
MNST,Monster Beverage,Consumer Staples,1,Conservador,9.45890086729104e-05,0.01426633692312256,-0.05506137911503561
MO,Altria,Consumer Staples,1,Conservador,-0.004382310487099738,0.011941454677648324,-0.036151925545267326
MOS,Mosaic Company (The),Materials,2,Moderado,0.014895046886278504,0.02321577695254886,-0.12122123411814126
MPC,Marathon Petroleum,Energy,2,Moderado,0.00763294029253564,0.019650561845520456,-0.07858174802250874
MPWR,Monolithic Power Systems,Information Technology,0,Arrojado,0.02131662216088621,0.03234344329816241,-0.10158557927149342
MRK,Merck & Co.,Health Care,1,Conservador,0.0026431359237035876,0.01542027855216156,-0.0724546653971796
MRNA,Moderna,Health Care,0,Arrojado,0.04068473726894679,0.039960251283326836,-0.2117906911507752
MRSH,Marsh McLennan,Financials,1,Conservador,-0.0017554874561264517,0.011553271749329061,-0.05626155192540064
MS,Morgan Stanley,Financials,1,Conservador,0.001682531564071131,0.016990327790416683,-0.0492007909335434
MSCI,MSCI Inc.,Financials,1,Conservador,0.004197712702641879,0.016660179618086152,-0.06428363319518443
MSFT,Microsoft,Information Technology,1,Conservador,0.00022456050839501798,0.013998086277523391,-0.06932216549638012
MSI,Motorola Solutions,Information Technology,1,Conservador,-0.001910377521971997,0.012240698486847564,-0.05932339059199401
MTB,M&T Bank,Financials,1,Conservador,0.0023463102949078493,0.01587834292772613,-0.058498407864511694
MTD,Mettler Toledo,Health Care,2,Moderado,0.008168464066071657,0.019407750498632564,-0.08001134529619969
MU,Micron Technology,Information Technology,0,Arrojado,0.020037903393058196,0.03567385737409204,-0.1048928194055889
NCLH,Norwegian Cruise Line Holdings,Consumer Discretionary,0,Arrojado,0.02370325283964424,0.03217972048614234,-0.14209464156594237
NDAQ,"Nasdaq, Inc.",Financials,1,Conservador,-0.0011061887426547948,0.013452251394006352,-0.047986695575042086
NDSN,Nordson Corporation,Industrials,1,Conservador,0.0016613716096814783,0.014524615658252523,-0.0661580777619154
NEE,NextEra Energy,Utilities,1,Conservador,0.0019198583370168864,0.015959420029199613,-0.05556444973034184
NEM,Newmont,Materials,2,Moderado,0.0091481069725482,0.024754001168656583,-0.08882811852659206
NFLX,Netflix,Communication Services,1,Conservador,0.005871056792393546,0.019681948745673347,-0.07295958562898082
NI,NiSource,Utilities,1,Conservador,-0.004545560599459434,0.011176654085326674,-0.0235485918638431
NKE,"Nike, Inc.",Consumer Discretionary,2,Moderado,0.013672207662911157,0.021887618032772293,-0.14346005998728006
NOC,Northrop Grumman,Industrials,1,Conservador,0.00044244171286749926,0.014259366650300616,-0.06380496866871806
NOW,ServiceNow,Information Technology,2,Moderado,0.013183450739134234,0.023772825120759022,-0.12094627838264413
NRG,NRG Energy,Utilities,2,Moderado,0.013643417961219493,0.027556083288872678,-0.07113256832788342
NSC,Norfolk Southern,Industrials,1,Conservador,0.0003846478796945718,0.014677705469061556,-0.05480583646454346
NTAP,NetApp,Information Technology,2,Moderado,0.008007310792140102,0.019764449644586245,-0.08210566838347848
NTRS,Northern Trust,Financials,1,Conservador,0.0009791619370604974,0.01605813549683712,-0.04586748058742324
NUE,Nucor,Materials,2,Moderado,0.009065268984958437,0.020288427236053116,-0.09674023726195716
NVDA,Nvidia,Information Technology,2,Moderado,0.014478580402491855,0.02893010097833303,-0.07564860948611951
NVR,"NVR, Inc.",Consumer Discretionary,1,Conservador,0.004254418499762723,0.016009205977544357,-0.07886939968346285
NWS,News Corp (Class B),Communication Services,1,Conservador,0.001322386738436544,0.013847827040127022,-0.05980475160017051
NWSA,News Corp (Class A),Communication Services,1,Conservador,0.0015115795564504084,0.013629474730653297,-0.05968538233102643
NXPI,NXP Semiconductors,Information Technology,2,Moderado,0.01348884489936887,0.024737436361803627,-0.09820580446111579
O,Realty Income,Real Estate,1,Conservador,-0.003544216268525452,0.010682895069263313,-0.046104593093084505
ODFL,Old Dominion,Industrials,2,Moderado,0.013081111044711902,0.02275646079367901,-0.109101818943355
OKE,Oneok,Energy,1,Conservador,0.002360457644567445,0.015575208670851493,-0.06806921531501083
OMC,Omnicom Group,Communication Services,1,Conservador,0.005448804148288867,0.017290080378201778,-0.06961072494160082
ON,ON Semiconductor,Information Technology,0,Arrojado,0.023847845860520227,0.031569138784935405,-0.134616348898183
ORCL,Oracle Corporation,Information Technology,2,Moderado,0.016201183689896495,0.027439014094586166,-0.12191765326469858
ORLY,O’Reilly Automotive,Consumer Discretionary,1,Conservador,-0.0012935149718478161,0.012822035256284,-0.049577726171566666
OTIS,Otis Worldwide,Industrials,1,Conservador,-0.0002903973190686594,0.012652016110439791,-0.06116617701192487
OXY,Occidental Petroleum,Energy,2,Moderado,0.00653209260438594,0.018465532124956194,-0.09431456232336059
PANW,Palo Alto Networks,Information Technology,2,Moderado,0.01264102753541164,0.02282874536197022,-0.09548224430428534
PAYX,Paychex,Industrials,1,Conservador,0.002018363422810234,0.01385833178748437,-0.07439549010778503
PCAR,Paccar,Industrials,1,Conservador,0.002817011433690248,0.016437772038933554,-0.06822446094578104
PCG,PG&E Corporation,Utilities,1,Conservador,0.004083879021878453,0.015330698596395558,-0.08177880136263324
PEG,Public Service Enterprise Group,Utilities,1,Conservador,-0.0016282758836093166,0.012357621607796871,-0.047440256713086895
PEP,PepsiCo,Consumer Staples,1,Conservador,-0.0015946147761637447,0.012198437686482272,-0.06039568868117586
PFE,Pfizer,Health Care,1,Conservador,0.002688013847050612,0.015143321122982547,-0.06545087050886816
PFG,Principal Financial Group,Financials,1,Conservador,0.0007769439957635402,0.014422788863386132,-0.051049068679257
PG,Procter & Gamble,Consumer Staples,1,Conservador,-0.0035927125192034438,0.01081561358571175,-0.0477726901271
PGR,Progressive Corporation,Financials,1,Conservador,0.0002330373338181811,0.013930926787306097,-0.05549172675113898
PH,Parker Hannifin,Industrials,1,Conservador,0.001090897106445947,0.01643095295656228,-0.041091810246253566
PHM,PulteGroup,Consumer Discretionary,2,Moderado,0.008643024099256696,0.020561737818436062,-0.08872600630528221
PKG,Packaging Corporation of America,Materials,1,Conservador,0.0006717584688268143,0.014674614720098665,-0.058822955348489955
PLD,Prologis,Real Estate,1,Conservador,0.0032745084424362614,0.01532140857412546,-0.06451128887572515
PLTR,Palantir Technologies,Information Technology,0,Arrojado,0.026470420439849728,0.03755303954880299,-0.10998431587761334
PM,Philip Morris International,Consumer Staples,1,Conservador,-0.0018299612146624312,0.014369319287672938,-0.04636031389851892
PNC,PNC Financial Services,Financials,1,Conservador,0.0009169385739904242,0.01481054055008153,-0.05781902173424298
PNR,Pentair,Industrials,1,Conservador,0.003058981611211818,0.016200028653540817,-0.06236041096650294
PNW,Pinnacle West Capital,Utilities,1,Conservador,-0.003778784568826836,0.0109946938417444,-0.03586938531543834
PODD,Insulet Corporation,Health Care,2,Moderado,0.014617830844300357,0.02227352047831053,-0.10684937742386119
POOL,Pool Corporation,Consumer Discretionary,2,Moderado,0.011193736987534975,0.019440746324750006,-0.11409018938714349
PPG,PPG Industries,Materials,1,Conservador,0.002796315120364089,0.015285531076388862,-0.08123785095232383
PPL,PPL Corporation,Utilities,1,Conservador,-0.00455904991429696,0.010671175819544066,-0.03252913801006175
PRU,Prudential Financial,Financials,1,Conservador,0.0015415685555081808,0.014745064547150735,-0.06275748422885258
PSA,Public Storage,Real Estate,1,Conservador,0.001214353571546645,0.014205188332590463,-0.06526268703869668
PSKY,Paramount Skydance Corporation,Communication Services,0,Arrojado,0.02677495062670163,0.029534245513313923,-0.14552185062087653
PSX,Phillips 66,Energy,1,Conservador,0.006178440622941953,0.018584990275183122,-0.07694619902881031
PTC,PTC Inc.,Information Technology,1,Conservador,0.005493841092882836,0.01653393136068714,-0.08581323944135241
PWR,Quanta Services,Industrials,1,Conservador,0.00711397877397041,0.021892857657999885,-0.0571139847574805
PYPL,PayPal,Financials,2,Moderado,0.013080269448844386,0.022576630259795446,-0.11269179555358598
Q,Qnity Electronics,Information Technology,2,Moderado,0.014846614429107424,0.036121072654659345,-0.04495029207832893
QCOM,Qualcomm,Information Technology,2,Moderado,0.01075657701424879,0.022504146529313308,-0.09887543362232236
RCL,Royal Caribbean Group,Consumer Discretionary,2,Moderado,0.012016291465058584,0.02533176822348977,-0.09294610262456986
REG,Regency Centers,Real Estate,1,Conservador,-0.0028015307569299276,0.011148037330772511,-0.03883462497220812
REGN,Regeneron Pharmaceuticals,Health Care,2,Moderado,0.00845544114444372,0.01848141727284054,-0.10263529430448623
RF,Regions Financial Corporation,Financials,1,Conservador,0.004009579169826267,0.016669317494426645,-0.06398426211043268
RJF,Raymond James Financial,Financials,1,Conservador,0.0021902500975062573,0.015415502742261599,-0.06263692649091541
RL,Ralph Lauren Corporation,Consumer Discretionary,1,Conservador,0.006356629225677836,0.02097454551917074,-0.05898470072765855
RMD,ResMed,Health Care,1,Conservador,0.005531989919350825,0.018415314509843742,-0.06922670055512772
ROK,Rockwell Automation,Industrials,1,Conservador,0.0058958619984042625,0.019180841709258205,-0.06446482126693628
ROL,"Rollins, Inc.",Industrials,1,Conservador,-0.0010651081491305178,0.013358943196311408,-0.03975795628287012
ROP,Roper Technologies,Information Technology,1,Conservador,0.0013577576582047986,0.012613586231684218,-0.07539773599972656
ROST,Ross Stores,Consumer Discretionary,1,Conservador,-0.0007123231780592342,0.014079672858731986,-0.049112603391683746
RSG,Republic Services,Industrials,1,Conservador,-0.004760052663410899,0.010302936491336777,-0.038486225074668985
RTX,RTX Corporation,Industrials,1,Conservador,-0.0028409271506759314,0.013691038972203437,-0.029814963636647037
RVTY,Revvity,Health Care,2,Moderado,0.011553514325302171,0.021032431523145434,-0.0987704571237599
SATS,EchoStar,Communication Services,0,Arrojado,0.03325162190605776,0.04008968459865955,-0.11956340082004803
SBAC,SBA Communications,Real Estate,1,Conservador,0.004984811547516005,0.01695481493368809,-0.08548119065024833
SBUX,Starbucks,Consumer Discretionary,2,Moderado,0.007868994048268485,0.019618286105306762,-0.0872190078563048
SCHW,Charles Schwab Corporation,Financials,1,Conservador,0.0025255821969731576,0.015441850952920583,-0.061607515271839636
SHW,Sherwin-Williams,Materials,1,Conservador,0.0008684421699401433,0.014308390581183269,-0.0632343122067142
SJM,J.M. Smucker Company (The),Consumer Staples,1,Conservador,0.004574686052104327,0.015960035070490316,-0.07126175464172936
SLB,Schlumberger,Energy,2,Moderado,0.008770602710092489,0.01967039010931514,-0.08866547445786521
SMCI,Supermicro,Information Technology,0,Arrojado,0.052457793885294736,0.05256700840465151,-0.2432951045929614
SNA,Snap-on,Industrials,1,Conservador,-0.0007970130373679752,0.014051421253434159,-0.04285212912689894
SNDK,Sandisk,Information Technology,0,Arrojado,0.03236625300839903,0.05287683180534842,-0.09467333732306703
SNPS,Synopsys,Information Technology,2,Moderado,0.017774004993607383,0.025520572838709246,-0.12373284159048066
SO,Southern Company,Utilities,1,Conservador,-0.004348327596672098,0.010710301570059044,-0.03955363919089335
SOLV,Solventum,Health Care,2,Moderado,0.007873785704758844,0.01854286430085277,-0.08949321313642691
SPG,Simon Property Group,Real Estate,1,Conservador,-0.0009272349825586922,0.013724906043083117,-0.039307959318997276
SPGI,S&P Global,Financials,1,Conservador,0.0003367645360950039,0.013216897576436194,-0.06378534679987619
SRE,Sempra,Utilities,1,Conservador,0.00035674277330142556,0.013903406416320922,-0.05299181754822952
STE,Steris,Health Care,1,Conservador,0.001158561446398344,0.01385700219320124,-0.060682262120185175
STLD,Steel Dynamics,Materials,2,Moderado,0.008147425608567715,0.021079920159284546,-0.07353518629823258
STT,State Street Corporation,Financials,1,Conservador,-0.00017993605247267205,0.015006012907811306,-0.03939224410241641
STX,Seagate Technology,Information Technology,2,Moderado,0.011876846350680132,0.02807656210712221,-0.07301012443358812
STZ,Constellation Brands,Consumer Staples,2,Moderado,0.00598058618866307,0.016229003658028814,-0.098137152323368
SW,Smurfit Westrock,Materials,2,Moderado,0.011031621505215694,0.025054454345493995,-0.10022019216117328
SWK,Stanley Black & Decker,Industrials,2,Moderado,0.012807635647165099,0.02290964490235082,-0.11417213581440769
SWKS,Skyworks Solutions,Information Technology,2,Moderado,0.01671064805350225,0.024455578984502627,-0.1286141021386938
SYF,Synchrony Financial,Financials,2,Moderado,0.007300085977583838,0.02100123721084548,-0.07042366672087123
SYK,Stryker Corporation,Health Care,1,Conservador,-0.00056718167951098,0.01263833121212153,-0.05085973998070157
SYY,Sysco,Consumer Staples,1,Conservador,-0.00073809700618816,0.013628159190042162,-0.056483632659696525
T,AT&T,Communication Services,1,Conservador,-0.0019232565549893782,0.013406600236191958,-0.041219529937300395
TAP,Molson Coors Beverage Company,Consumer Staples,1,Conservador,0.0050443959818126894,0.015437476297451319,-0.09512060910984779
TDG,TransDigm Group,Industrials,1,Conservador,0.002598782402769297,0.015620457590173475,-0.056486521327576825
TDY,Teledyne Technologies,Information Technology,1,Conservador,-0.00027347031853013705,0.014164269514209259,-0.05005650066813505
TECH,Bio-Techne,Health Care,2,Moderado,0.017795749384997752,0.024713761538401362,-0.12189656862867
TEL,TE Connectivity,Information Technology,1,Conservador,0.0014707791568250245,0.01673581663720286,-0.048730018940117574
TER,Teradyne,Information Technology,0,Arrojado,0.016837103836596857,0.03281313588684173,-0.11021357724970082
TFC,Truist Financial,Financials,1,Conservador,0.0028452476284694665,0.016272870137643544,-0.05678841481698019
TGT,Target Corporation,Consumer Staples,2,Moderado,0.010026486880375102,0.02037718671232277,-0.09617587690373075
TJX,TJX Companies,Consumer Discretionary,1,Conservador,-0.005192087648532127,0.010850328169015164,-0.027668868442200033
TKO,TKO Group Holdings,Communication Services,1,Conservador,0.005294665085631403,0.019158611384300247,-0.05625457576817882
TMO,Thermo Fisher Scientific,Health Care,1,Conservador,0.004698619004431366,0.016024257183370923,-0.09080447403198685
TMUS,T-Mobile US,Communication Services,1,Conservador,-0.0002172299093082631,0.013815388712121844,-0.06220723091116262
TPL,Texas Pacific Land Corporation,Energy,2,Moderado,0.018462800917374962,0.028275281901876278,-0.11591427471037491
TPR,"Tapestry, Inc.",Consumer Discretionary,2,Moderado,0.006965587593018711,0.023236227533984175,-0.06570284890183434
TRGP,Targa Resources,Energy,1,Conservador,0.0027954211807274523,0.017413831900675088,-0.0534576929367687
TRMB,Trimble Inc.,Information Technology,1,Conservador,0.005585722009507436,0.01765823877680902,-0.07245124880985067
TROW,T. Rowe Price,Financials,1,Conservador,0.003362949169824735,0.015701597483983625,-0.07164676503617792
TRV,Travelers Companies (The),Financials,1,Conservador,-0.0021183946314640763,0.013284120758588728,-0.03596411961447611
TSCO,Tractor Supply,Consumer Discretionary,1,Conservador,0.005367197358449012,0.01697952881155313,-0.07614407381391904
TSLA,"Tesla, Inc.",Consumer Discretionary,0,Arrojado,0.027813643001393516,0.03577231364582995,-0.14769635867908118
TSN,Tyson Foods,Consumer Staples,1,Conservador,-0.00023838425157253398,0.013904284200273205,-0.05489110061742198
TT,Trane Technologies,Industrials,1,Conservador,0.0016750043672651295,0.01603531646495379,-0.055705045178298815
TTD,Trade Desk (The),Communication Services,0,Arrojado,0.031208266045309588,0.03246799205871632,-0.1874600840783195
TTWO,Take-Two Interactive,Communication Services,1,Conservador,0.004427846666183519,0.016854205528018702,-0.06501916386218674
TXN,Texas Instruments,Information Technology,2,Moderado,0.006036960339313706,0.020803467848546395,-0.07858510447506116
TXT,Textron,Industrials,1,Conservador,0.0021743460447400985,0.015473045694021683,-0.06811184510777885
TYL,Tyler Technologies,Information Technology,2,Moderado,0.006903349457137927,0.01704591411819305,-0.08882060585807894
UAL,United Airlines Holdings,Industrials,2,Moderado,0.019566498121380484,0.02982189740327666,-0.10068123272340337
UBER,Uber,Industrials,2,Moderado,0.01260078191221385,0.023356400933937656,-0.09854689703720788
UDR,"UDR, Inc.",Real Estate,1,Conservador,0.00029176843278712594,0.012785691577340753,-0.05783985676952419
UHS,Universal Health Services,Health Care,2,Moderado,0.0077866137273874345,0.018939061394690766,-0.08601804183811432
ULTA,Ulta Beauty,Consumer Discretionary,2,Moderado,0.010861717274574578,0.02093207424964722,-0.09837051489032159
UNH,UnitedHealth Group,Health Care,2,Moderado,0.01189246871768366,0.02196170263484171,-0.12216179841609447
UNP,Union Pacific Corporation,Industrials,1,Conservador,-0.001488201083823987,0.012815938087547918,-0.05187812231392485
UPS,United Parcel Service,Industrials,2,Moderado,0.006276996075973327,0.01742862408091927,-0.10000025705143685
URI,United Rentals,Industrials,2,Moderado,0.01021784205878058,0.023213966498441426,-0.0895951485827677
USB,U.S. Bancorp,Financials,1,Conservador,0.002440675796077783,0.015810398620690506,-0.06424240201231601
V,Visa Inc.,Financials,1,Conservador,-0.002709077864803135,0.012211442432070825,-0.04533935015799251
VEEV,Veeva Systems,Health Care,2,Moderado,0.01051257674099427,0.02014817210689753,-0.10770555685137886
VICI,Vici Properties,Real Estate,1,Conservador,-0.0021673860935157436,0.011305083081096071,-0.05269167162483238
VLO,Valero Energy,Energy,2,Moderado,0.00794453491584137,0.020915369287639925,-0.07457457982192023
VLTO,Veralto,Industrials,1,Conservador,0.00022297905992138976,0.012867933983473117,-0.05306658467611027
VMC,Vulcan Materials Company,Materials,1,Conservador,0.0017673226452284859,0.015129923805896315,-0.06451478801709278
VRSK,Verisk Analytics,Industrials,1,Conservador,0.003046557788911017,0.01426537383087559,-0.07917074731090257
VRSN,Verisign,Information Technology,1,Conservador,0.000856668536142089,0.01381762074045085,-0.062303038085338124
VRT,Vertiv,Industrials,0,Arrojado,0.026046580632542275,0.03767402051782916,-0.103703262409989
VRTX,Vertex Pharmaceuticals,Health Care,1,Conservador,0.005771399003925635,0.01719994465292992,-0.07622904188763291
VST,Vistra Corp.,Utilities,0,Arrojado,0.02593106961926454,0.035185830097217784,-0.11753579154303326
VTR,Ventas,Real Estate,1,Conservador,-0.0021936586219449016,0.012886282907546164,-0.04293272178049619
VTRS,Viatris,Health Care,2,Moderado,0.007853990886254512,0.019594098784263006,-0.08674067984942338
VZ,Verizon,Communication Services,1,Conservador,-0.0017431559134426604,0.013264865425312532,-0.045114634319870166
WAB,Wabtec,Industrials,1,Conservador,-0.0012278060390959209,0.01446859025197304,-0.04162695198026752
WAT,Waters Corporation,Health Care,2,Moderado,0.011267016050992229,0.021233670594167687,-0.09739823323858386
WBD,Warner Bros. Discovery,Communication Services,0,Arrojado,0.021301953948642795,0.028715907035243467,-0.11544326643957988
WDAY,"Workday, Inc.",Information Technology,2,Moderado,0.014042185243458459,0.021572978739287287,-0.13419869056598543
WDC,Western Digital,Information Technology,2,Moderado,0.014834101303581728,0.030972935319808145,-0.07824132943065554
WEC,WEC Energy Group,Utilities,1,Conservador,-0.004606892208893214,0.010406839440302374,-0.03436200367289822
WELL,Welltower,Real Estate,1,Conservador,-0.0034129608699600667,0.012523566687439555,-0.03048461760944755
WFC,Wells Fargo,Financials,1,Conservador,0.002782847580242766,0.017324807709586033,-0.057241982572571064
WM,Waste Management,Industrials,1,Conservador,-0.003799008503074425,0.011242567165182437,-0.04063506742011509
WMB,Williams Companies,Energy,1,Conservador,-0.0009771721837561604,0.01403392088711572,-0.038177069960956045
WMT,Walmart,Consumer Staples,1,Conservador,-0.003543510317199311,0.01307940440344678,-0.03361620712208836
WRB,W. R. Berkley Corporation,Financials,1,Conservador,-0.0008759588557090605,0.0135369214139401,-0.0507024891526926
WSM,"Williams-Sonoma, Inc.",Consumer Discretionary,2,Moderado,0.015462190244190049,0.026235415310481836,-0.09002135722861213
WST,West Pharmaceutical Services,Health Care,2,Moderado,0.01768090522280206,0.024488729006264743,-0.12209360380518675
WTW,Willis Towers Watson,Financials,1,Conservador,-0.0007059899271896623,0.012926452359021358,-0.05231384326797629
WY,Weyerhaeuser,Real Estate,1,Conservador,0.0045133575469908606,0.015546538024146546,-0.08528663760029258
WYNN,Wynn Resorts,Consumer Discretionary,2,Moderado,0.01050453418802171,0.021628219600452924,-0.10054773044232371
XEL,Xcel Energy,Utilities,1,Conservador,-0.001556582692838815,0.012405282071378478,-0.04594589582755112
XOM,ExxonMobil,Energy,1,Conservador,-0.0012468378078203052,0.013745755498891956,-0.04941848317537484
XYL,Xylem Inc.,Industrials,1,Conservador,0.0005806003350024867,0.014072879806042425,-0.06123157819351383
XYZ,"Block, Inc.",Financials,0,Arrojado,0.022776986954067643,0.030843077599870324,-0.13818055365835927
YUM,Yum! Brands,Consumer Discretionary,1,Conservador,-0.002054068672909672,0.012513875555357216,-0.04288888833210672
ZBH,Zimmer Biomet,Health Care,1,Conservador,0.0046187601435657265,0.01569285120575197,-0.08378506053425899
ZBRA,Zebra Technologies,Information Technology,2,Moderado,0.013311200259982175,0.023015502574685365,-0.108225852379478
ZTS,Zoetis,Health Care,2,Moderado,0.00670747293627008,0.016383337907638355,-0.09270647749634883
